{
  "meta": {
    "type": "db",
    "canSave": true,
    "canEdit": true,
    "canAdmin": true,
    "canStar": false,
    "canDelete": true,
    "slug": "hands-on-dashboard",
    "url": "/d/ZF5_6XwVk/hands-on-dashboard",
    "expires": "0001-01-01T00:00:00Z",
    "created": "2023-05-31T16:17:58Z",
    "updated": "2023-05-31T16:54:43Z",
    "updatedBy": "Anonymous",
    "createdBy": "Anonymous",
    "version": 4,
    "hasAcl": false,
    "isFolder": false,
    "folderId": 0,
    "folderUid": "",
    "folderTitle": "General",
    "folderUrl": "",
    "provisioned": false,
    "provisionedExternalId": "",
    "annotationsPermissions": {
      "dashboard": {
        "canAdd": true,
        "canEdit": true,
        "canDelete": true
      },
      "organization": {
        "canAdd": true,
        "canEdit": true,
        "canDelete": true
      }
    },
    "isPublic": false
  },
  "dashboard": {
    "annotations": {
      "list": [
        {
          "builtIn": 1,
          "datasource": {
            "type": "grafana",
            "uid": "-- Grafana --"
          },
          "enable": true,
          "hide": true,
          "iconColor": "rgba(0, 211, 255, 1)",
          "name": "Annotations & Alerts",
          "target": {
            "limit": 100,
            "matchAny": false,
            "tags": [],
            "type": "dashboard"
          },
          "type": "dashboard"
        }
      ]
    },
    "editable": true,
    "fiscalYearStartMonth": 0,
    "graphTooltip": 0,
    "id": null,
    "links": [],
    "liveNow": false,
    "panels": [
      {
        "datasource": {
          "type": "prometheus",
          "uid": "PBFA97CFB590B2093"
        },
        "fieldConfig": {
          "defaults": {
            "color": {
              "mode": "palette-classic"
            },
            "custom": {
              "axisLabel": "",
              "axisPlacement": "auto",
              "barAlignment": 0,
              "drawStyle": "line",
              "fillOpacity": 0,
              "gradientMode": "none",
              "hideFrom": {
                "legend": false,
                "tooltip": false,
                "viz": false
              },
              "lineInterpolation": "linear",
              "lineWidth": 1,
              "pointSize": 5,
              "scaleDistribution": {
                "type": "linear"
              },
              "showPoints": "auto",
              "spanNulls": false,
              "stacking": {
                "group": "A",
                "mode": "none"
              },
              "thresholdsStyle": {
                "mode": "off"
              }
            },
            "mappings": [],
            "thresholds": {
              "mode": "absolute",
              "steps": [
                {
                  "color": "green",
                  "value": null
                },
                {
                  "color": "red",
                  "value": 80
                }
              ]
            }
          },
          "overrides": []
        },
        "gridPos": {
          "h": 6,
          "w": 24,
          "x": 0,
          "y": 0
        },
        "id": 4,
        "options": {
          "legend": {
            "calcs": [],
            "displayMode": "list",
            "placement": "bottom"
          },
          "tooltip": {
            "mode": "multi",
            "sort": "none"
          }
        },
        "targets": [
          {
            "datasource": {
              "type": "prometheus",
              "uid": "PBFA97CFB590B2093"
            },
            "editorMode": "builder",
            "expr": "rate(resilience4j_retry_calls_total[30s])",
            "interval": "",
            "legendFormat": "{{kind}}",
            "range": true,
            "refId": "A"
          }
        ],
        "title": "Retry",
        "type": "timeseries"
      },
      {
        "alert": {
          "alertRuleTags": {},
          "conditions": [
            {
              "evaluator": {
                "params": [
                  0.5
                ],
                "type": "lt"
              },
              "operator": {
                "type": "and"
              },
              "query": {
                "params": [
                  "A",
                  "10s",
                  "now"
                ]
              },
              "reducer": {
                "params": [],
                "type": "max"
              },
              "type": "query"
            }
          ],
          "executionErrorState": "alerting",
          "for": "0m",
          "frequency": "10s",
          "handler": 1,
          "name": "Circuit Breaker alert",
          "noDataState": "no_data",
          "notifications": []
        },
        "datasource": {
          "type": "prometheus",
          "uid": "PBFA97CFB590B2093"
        },
        "fieldConfig": {
          "defaults": {
            "color": {
              "mode": "palette-classic"
            },
            "custom": {
              "axisLabel": "",
              "axisPlacement": "auto",
              "barAlignment": 0,
              "drawStyle": "line",
              "fillOpacity": 0,
              "gradientMode": "none",
              "hideFrom": {
                "legend": false,
                "tooltip": false,
                "viz": false
              },
              "lineInterpolation": "linear",
              "lineWidth": 1,
              "pointSize": 5,
              "scaleDistribution": {
                "type": "linear"
              },
              "showPoints": "auto",
              "spanNulls": false,
              "stacking": {
                "group": "A",
                "mode": "none"
              },
              "thresholdsStyle": {
                "mode": "off"
              }
            },
            "mappings": [],
            "thresholds": {
              "mode": "absolute",
              "steps": [
                {
                  "color": "green",
                  "value": null
                },
                {
                  "color": "red",
                  "value": 80
                }
              ]
            }
          },
          "overrides": []
        },
        "gridPos": {
          "h": 5,
          "w": 24,
          "x": 0,
          "y": 6
        },
        "id": 2,
        "options": {
          "legend": {
            "calcs": [],
            "displayMode": "list",
            "placement": "bottom"
          },
          "tooltip": {
            "mode": "multi",
            "sort": "none"
          }
        },
        "targets": [
          {
            "datasource": {
              "type": "prometheus",
              "uid": "PBFA97CFB590B2093"
            },
            "editorMode": "builder",
            "expr": "resilience4j_circuitbreaker_state{state=\"closed\"}",
            "legendFormat": "{{state}}",
            "range": true,
            "refId": "A"
          },
          {
            "datasource": {
              "type": "prometheus",
              "uid": "PBFA97CFB590B2093"
            },
            "editorMode": "builder",
            "expr": "resilience4j_circuitbreaker_state{state=\"open\"}",
            "hide": false,
            "legendFormat": "{{state}}",
            "range": true,
            "refId": "B"
          },
          {
            "datasource": {
              "type": "prometheus",
              "uid": "PBFA97CFB590B2093"
            },
            "editorMode": "builder",
            "expr": "resilience4j_circuitbreaker_state{state=\"half_open\"}",
            "hide": false,
            "legendFormat": "{{state}}",
            "range": true,
            "refId": "C"
          }
        ],
        "thresholds": [
          {
            "colorMode": "critical",
            "op": "lt",
            "value": 0.5,
            "visible": true
          }
        ],
        "title": "Circuit Breaker",
        "type": "timeseries"
      },
      {
        "datasource": {
          "type": "prometheus",
          "uid": "PBFA97CFB590B2093"
        },
        "gridPos": {
          "h": 6,
          "w": 24,
          "x": 0,
          "y": 11
        },
        "id": 6,
        "options": {
          "alertName": "",
          "dashboardAlerts": true,
          "dashboardTitle": "",
          "maxItems": 10,
          "showOptions": "changes",
          "sortOrder": 1,
          "stateFilter": {
            "alerting": false,
            "execution_error": false,
            "no_data": false,
            "ok": false,
            "paused": false,
            "pending": false
          },
          "tags": []
        },
        "pluginVersion": "9.0.1",
        "title": "Circuit Breaker Alerts ",
        "type": "alertlist"
      }
    ],
    "refresh": "",
    "schemaVersion": 36,
    "style": "dark",
    "tags": [],
    "templating": {
      "list": []
    },
    "time": {
      "from": "now-5m",
      "to": "now"
    },
    "timepicker": {},
    "timezone": "",
    "title": "Hands-on Dashboard",
    "uid": "ZF5_6XwVk",
    "version": 4,
    "weekStart": ""
  }
}
